{"(0, 0)": {"up": 0.0, "down": 72.89999999999978, "left": 0.0, "right": 72.8967858284355}, "(0, 1)": {"up": 0.0, "down": 80.99999999999336, "left": 55.83103116507669, "right": 50.807867788839424}, "(0, 2)": {"up": 0.0, "down": 36.855899999999984, "left": 72.89799818029294, "right": 0.0}, "(1, 0)": {"up": 65.60927446054932, "down": 80.98991017456895, "left": 0.0, "right": 80.99999999999983}, "(1, 1)": {"up": 72.89950910622181, "down": 89.99908671351758, "left": 72.89967413190301, "right": 89.99999999999989}, "(1, 2)": {"up": 65.5717011556263, "down": 99.99999999999994, "left": 80.99945522130191, "right": 0.0}, "(2, 0)": {"up": 44.657046351899915, "down": 0.0, "left": 0.0, "right": 89.99924641448776}, "(2, 1)": {"up": 67.49148282326033, "down": 0.0, "left": 66.749019687815, "right": 99.9999999294492}, "(2, 2)": {"up": 0.0, "down": 0.0, "left": 0.0, "right": 0.0}}