{"(0, 0)": {"up": 42.29886201512092, "down": 43.10671047570933, "left": 66.47442376118991, "right": 116.23331824147277}, "(0, 1)": {"up": 57.953451387674065, "down": 72.67876565739832, "left": 50.101987918140544, "right": 132.85196494198374}, "(0, 2)": {"up": 66.50286385033962, "down": 150.26901071876412, "left": 47.14661836888284, "right": 61.30533403883417}, "(0, 3)": {"up": 53.91474088968842, "down": 153.34190608631496, "left": 45.1661952014476, "right": 40.81762024071539}, "(0, 4)": {"up": 53.7266466038359, "down": 173.43459896708484, "left": 77.24144303102968, "right": 88.55507410094111}, "(1, 0)": {"up": 19.73433097699453, "down": 21.54226783616101, "left": 19.883201818948233, "right": 78.58401555811268}, "(1, 1)": {"up": 40.987290954568245, "down": 29.5044512496737, "left": 29.46202433664092, "right": 136.8348708822062}, "(1, 2)": {"up": 67.76569545268251, "down": 118.57474487005216, "left": 63.52626364980563, "right": 159.39188374948813}, "(1, 3)": {"up": 111.4104478531841, "down": 125.33692065543745, "left": 120.99461505519355, "right": 165.35998986872315}, "(1, 4)": {"up": 122.01401692080688, "down": 149.42176670963877, "left": 132.61580753540537, "right": 102.59860053677221}, "(2, 0)": {"up": 23.660392511393205, "down": 19.92501289805189, "left": 19.850877591656165, "right": 45.170549595797844}, "(2, 1)": {"up": 40.238526362159, "down": 37.94370473596674, "left": 21.72381933718031, "right": 113.05607591832623}, "(2, 2)": {"up": 99.49501841714057, "down": 86.86366749181184, "left": 63.761664220304894, "right": 145.69542434011055}, "(2, 3)": {"up": 154.38695990004166, "down": 99.01710399316926, "left": 79.08973098823614, "right": 115.49783728327353}, "(2, 4)": {"up": 124.36551624491015, "down": 171.6107132169179, "left": 113.20767545544159, "right": 125.22642264103568}, "(3, 0)": {"up": 21.647734868861214, "down": 19.464862552802575, "left": 23.50567941277976, "right": 69.56969172067465}, "(3, 1)": {"up": 42.84058489155993, "down": 39.82793411167539, "left": 23.678301348253328, "right": 141.8158259440891}, "(3, 2)": {"up": 180.29896964292578, "down": 103.54425115082273, "left": 74.21164381096774, "right": 122.41176919201962}, "(3, 3)": {"up": 93.6271889322023, "down": 94.96121952943425, "left": 167.08469658552872, "right": 105.2251932283257}, "(3, 4)": {"up": 131.05601314095637, "down": 134.15167313516466, "left": 220.2894148165751, "right": 145.12223061263103}, "(4, 0)": {"up": 31.641699367581026, "down": 67.53257490642447, "left": 46.94981426290174, "right": 125.00426172007428}, "(4, 1)": {"up": 59.99061029041812, "down": 72.09708189320986, "left": 74.6876748813193, "right": 143.21511883363243}, "(4, 2)": {"up": 164.5206993774033, "down": 93.55909496577202, "left": 82.58910349674797, "right": 67.82679962585114}, "(4, 3)": {"up": 143.20290256486192, "down": 33.05722488900391, "left": 33.09452411604983, "right": 32.94534352581819}, "(4, 4)": {"up": 172.51829349449974, "down": 100.95104317232547, "left": 67.89361149607957, "right": 88.24823768489631}}