{"(0, 0)": {"up": 0.0, "down": 38.74204739165375, "left": 0.0, "right": 47.829689999999715}, "(0, 1)": {"up": 0.0, "down": 43.046666049922464, "left": 43.04671915207681, "right": 53.144099999999725}, "(0, 2)": {"up": 0.0, "down": -41.13339838672539, "left": 47.829689993452085, "right": 59.04899999999972}, "(0, 3)": {"up": 0.0, "down": 65.60999999999973, "left": 53.14409940016255, "right": 65.60998877765209}, "(0, 4)": {"up": 0.0, "down": 72.89999999999814, "left": 52.92158548083111, "right": 0.0}, "(1, 0)": {"up": 43.04672092300005, "down": 13.091286207050796, "left": 0.0, "right": 30.60377498585139}, "(1, 1)": {"up": 47.829684387593794, "down": -58.02179508849843, "left": 30.761896866571927, "right": -37.68394833468693}, "(1, 2)": {"up": 53.14409999988712, "down": 53.554046312657604, "left": 25.864915813736566, "right": 65.60825730661877}, "(1, 3)": {"up": 59.04899996101826, "down": 72.89999660526544, "left": -41.15956207479163, "right": 72.89999999999978}, "(1, 4)": {"up": 65.60999557033539, "down": 80.99999999999983, "left": 65.60999941462912, "right": 0.0}, "(2, 0)": {"up": 29.547297061192854, "down": 0.0, "left": 0.0, "right": -19.0}, "(2, 1)": {"up": 0.0, "down": 0.0, "left": 2.225502553807966, "right": 42.522742498775564}, "(2, 2)": {"up": -21.428221433595173, "down": 0.26003999349000007, "left": -35.13330848553905, "right": 72.67000637165619}, "(2, 3)": {"up": 63.96123919625581, "down": 60.69655371765336, "left": 59.250940011668796, "right": 80.99999999999983}, "(2, 4)": {"up": 72.89999989241521, "down": 89.99999999999989, "left": 72.8999999267937, "right": 0.0}, "(3, 0)": {"up": 1.7566358796946284, "down": 0.0, "left": 0.0, "right": 0.0}, "(3, 1)": {"up": -10.0, "down": 0.0, "left": 0.0, "right": 0.0}, "(3, 2)": {"up": 0.0, "down": 6.682677277086, "left": 0.0, "right": 0.0}, "(3, 3)": {"up": 72.89999892122252, "down": 37.65149583290457, "left": 0.9425717017317001, "right": 55.132155986962985}, "(3, 4)": {"up": 80.99999875458725, "down": 99.99999999999994, "left": 65.60997950589379, "right": 0.0}, "(4, 0)": {"up": 0.0, "down": 0.0, "left": 0.0, "right": 0.0}, "(4, 1)": {"up": 0.0, "down": 0.0, "left": 0.0, "right": 0.9733761900000002}, "(4, 2)": {"up": 0.19159570710000004, "down": 0.0, "left": 0.0, "right": 26.43592036977}, "(4, 3)": {"up": 0.0, "down": 0.0, "left": 0.0, "right": 84.9905364703001}, "(4, 4)": {"up": 0.0, "down": 0.0, "left": 0.0, "right": 0.0}}