{"(0, 0)": {"up": 0.0, "down": 0.0, "left": 0.0, "right": 0.0}, "(0, 1)": {"up": 0.0, "down": 79.10000000000001, "left": 100.0, "right": 79.10000000000001}, "(0, 2)": {"up": 0.0, "down": 70.19000000000001, "left": 89.0, "right": 70.19000000000001}, "(0, 3)": {"up": 0.0, "down": 62.171000000000014, "left": 79.10000000000001, "right": 62.171000000000014}, "(0, 4)": {"up": 0.0, "down": 54.95390000000001, "left": 70.19000000000001, "right": 54.95390000000001}, "(0, 5)": {"up": 0.0, "down": 48.45851000000001, "left": 62.171000000000014, "right": 48.45851000000001}, "(0, 6)": {"up": 0.0, "down": 42.61265900000001, "left": 54.95390000000001, "right": 42.61265900000001}, "(0, 7)": {"up": 0.0, "down": 37.35139310000001, "left": 48.45851000000001, "right": 37.35139310000001}, "(0, 8)": {"up": 0.0, "down": 32.61625379000001, "left": 42.61265900000001, "right": 32.61625379000001}, "(0, 9)": {"up": 0.0, "down": 28.354628411000007, "left": 37.35139310000001, "right": 0.0}, "(1, 0)": {"up": 100.0, "down": 79.10000000000001, "left": 0.0, "right": 79.10000000000001}, "(1, 1)": {"up": 89.0, "down": 70.19000000000001, "left": 89.0, "right": 70.19000000000001}, "(1, 2)": {"up": 79.10000000000001, "down": 62.171000000000014, "left": 79.10000000000001, "right": 62.171000000000014}, "(1, 3)": {"up": 70.19000000000001, "down": 54.95390000000001, "left": 70.19000000000001, "right": 54.95390000000001}, "(1, 4)": {"up": 62.171000000000014, "down": 48.45851000000001, "left": 62.171000000000014, "right": 48.45851000000001}, "(1, 5)": {"up": 54.95390000000001, "down": 42.61265900000001, "left": 54.95390000000001, "right": 42.61265900000001}, "(1, 6)": {"up": 48.45851000000001, "down": 37.35139310000001, "left": 48.45851000000001, "right": 37.35139310000001}, "(1, 7)": {"up": 42.61265900000001, "down": 32.61625379000001, "left": 42.61265900000001, "right": 32.61625379000001}, "(1, 8)": {"up": 37.35139310000001, "down": 28.354628411000007, "left": 37.35139310000001, "right": 28.354628411000007}, "(1, 9)": {"up": 32.61625379000001, "down": 24.519165569900007, "left": 32.61625379000001, "right": 0.0}, "(2, 0)": {"up": 89.0, "down": 70.19000000000001, "left": 0.0, "right": 70.19000000000001}, "(2, 1)": {"up": 79.10000000000001, "down": 62.171000000000014, "left": 79.10000000000001, "right": 62.171000000000014}, "(2, 2)": {"up": 70.19000000000001, "down": 54.95390000000001, "left": 70.19000000000001, "right": 54.95390000000001}, "(2, 3)": {"up": 62.171000000000014, "down": 48.45851000000001, "left": 62.171000000000014, "right": 48.45851000000001}, "(2, 4)": {"up": 54.95390000000001, "down": 42.61265900000001, "left": 54.95390000000001, "right": 42.61265900000001}, "(2, 5)": {"up": 48.45851000000001, "down": 37.35139310000001, "left": 48.45851000000001, "right": 37.35139310000001}, "(2, 6)": {"up": 42.61265900000001, "down": 32.61625379000001, "left": 42.61265900000001, "right": 32.61625379000001}, "(2, 7)": {"up": 37.35139310000001, "down": 28.354628411000007, "left": 37.35139310000001, "right": 28.354628411000007}, "(2, 8)": {"up": 32.61625379000001, "down": 24.519165569900007, "left": 32.61625379000001, "right": 24.519165569900007}, "(2, 9)": {"up": 28.354628411000007, "down": 21.067249012910008, "left": 28.354628411000007, "right": 0.0}, "(3, 0)": {"up": 79.10000000000001, "down": 62.171000000000014, "left": 0.0, "right": 62.171000000000014}, "(3, 1)": {"up": 70.19000000000001, "down": 54.95390000000001, "left": 70.19000000000001, "right": 54.95390000000001}, "(3, 2)": {"up": 62.171000000000014, "down": 48.45851000000001, "left": 62.171000000000014, "right": 48.45851000000001}, "(3, 3)": {"up": 54.95390000000001, "down": 42.61265900000001, "left": 54.95390000000001, "right": 42.61265900000001}, "(3, 4)": {"up": 48.45851000000001, "down": 37.35139310000001, "left": 48.45851000000001, "right": 37.35139310000001}, "(3, 5)": {"up": 42.61265900000001, "down": 32.61625379000001, "left": 42.61265900000001, "right": 32.61625379000001}, "(3, 6)": {"up": 37.35139310000001, "down": 28.354628411000007, "left": 37.35139310000001, "right": 28.354628411000007}, "(3, 7)": {"up": 32.61625379000001, "down": 24.519165569900007, "left": 32.61625379000001, "right": 24.519165569900007}, "(3, 8)": {"up": 28.354628411000007, "down": 21.067249012910008, "left": 28.354628411000007, "right": 21.067249012910008}, "(3, 9)": {"up": 24.519165569900007, "down": 17.96052411161901, "left": 24.519165569900007, "right": 0.0}, "(4, 0)": {"up": 70.19000000000001, "down": 54.95390000000001, "left": 0.0, "right": 54.95390000000001}, "(4, 1)": {"up": 62.171000000000014, "down": 48.45851000000001, "left": 62.171000000000014, "right": 48.45851000000001}, "(4, 2)": {"up": 54.95390000000001, "down": 42.61265900000001, "left": 54.95390000000001, "right": 42.61265900000001}, "(4, 3)": {"up": 48.45851000000001, "down": 37.35139310000001, "left": 48.45851000000001, "right": 37.35139310000001}, "(4, 4)": {"up": 42.61265900000001, "down": 32.61625379000001, "left": 42.61265900000001, "right": 32.61625379000001}, "(4, 5)": {"up": 37.35139310000001, "down": 28.354628411000007, "left": 37.35139310000001, "right": 28.354628411000007}, "(4, 6)": {"up": 32.61625379000001, "down": 24.519165569900007, "left": 32.61625379000001, "right": 24.519165569900007}, "(4, 7)": {"up": 28.354628411000007, "down": 21.067249012910008, "left": 28.354628411000007, "right": 21.067249012910008}, "(4, 8)": {"up": 24.519165569900007, "down": 17.96052411161901, "left": 24.519165569900007, "right": 17.96052411161901}, "(4, 9)": {"up": 21.067249012910008, "down": 15.16447170045711, "left": 21.067249012910008, "right": 0.0}, "(5, 0)": {"up": 62.171000000000014, "down": 48.45851000000001, "left": 0.0, "right": 48.45851000000001}, "(5, 1)": {"up": 54.95390000000001, "down": 42.61265900000001, "left": 54.95390000000001, "right": 42.61265900000001}, "(5, 2)": {"up": 48.45851000000001, "down": 37.35139310000001, "left": 48.45851000000001, "right": 37.35139310000001}, "(5, 3)": {"up": 42.61265900000001, "down": 32.61625379000001, "left": 42.61265900000001, "right": 32.61625379000001}, "(5, 4)": {"up": 37.35139310000001, "down": 28.354628411000007, "left": 37.35139310000001, "right": 28.354628411000007}, "(5, 5)": {"up": 32.61625379000001, "down": 24.519165569900007, "left": 32.61625379000001, "right": 24.519165569900007}, "(5, 6)": {"up": 28.354628411000007, "down": 21.067249012910008, "left": 28.354628411000007, "right": 21.067249012910008}, "(5, 7)": {"up": 24.519165569900007, "down": 17.96052411161901, "left": 24.519165569900007, "right": 17.96052411161901}, "(5, 8)": {"up": 21.067249012910008, "down": 15.16447170045711, "left": 21.067249012910008, "right": 15.16447170045711}, "(5, 9)": {"up": 17.96052411161901, "down": 12.6480245304114, "left": 17.96052411161901, "right": 0.0}, "(6, 0)": {"up": 54.95390000000001, "down": 42.61265900000001, "left": 0.0, "right": 42.61265900000001}, "(6, 1)": {"up": 48.45851000000001, "down": 37.35139310000001, "left": 48.45851000000001, "right": 37.35139310000001}, "(6, 2)": {"up": 42.61265900000001, "down": 32.61625379000001, "left": 42.61265900000001, "right": 32.61625379000001}, "(6, 3)": {"up": 37.35139310000001, "down": 28.354628411000007, "left": 37.35139310000001, "right": 28.354628411000007}, "(6, 4)": {"up": 32.61625379000001, "down": 24.519165569900007, "left": 32.61625379000001, "right": 24.519165569900007}, "(6, 5)": {"up": 28.354628411000007, "down": 21.067249012910008, "left": 28.354628411000007, "right": 21.067249012910008}, "(6, 6)": {"up": 24.519165569900007, "down": 17.96052411161901, "left": 24.519165569900007, "right": 17.96052411161901}, "(6, 7)": {"up": 21.067249012910008, "down": 15.16447170045711, "left": 21.067249012910008, "right": 15.16447170045711}, "(6, 8)": {"up": 17.96052411161901, "down": 12.6480245304114, "left": 17.96052411161901, "right": 12.6480245304114}, "(6, 9)": {"up": 15.16447170045711, "down": 10.38322207737026, "left": 15.16447170045711, "right": 0.0}, "(7, 0)": {"up": 48.45851000000001,