{"(0, 0)": {"up": 0.0, "down": 0.0, "left": 0.0, "right": 0.0}, "(0, 1)": {"up": 0.0, "down": 79.10000000000001, "left": 100.0, "right": 79.10000000000001}, "(0, 2)": {"up": 0.0, "down": 70.19000000000001, "left": 89.0, "right": 70.19000000000001}, "(0, 3)": {"up": 0.0, "down": 62.171000000000014, "left": 79.10000000000001, "right": 62.171000000000014}, "(0, 4)": {"up": 0.0, "down": 54.95390000000001, "left": 70.19000000000001, "right": 54.95390000000001}, "(0, 5)": {"up": 0.0, "down": 48.458509999949655, "left": 62.171000000000014, "right": 48.458509997589445}, "(0, 6)": {"up": 0.0, "down": 42.592840386794684, "left": 54.953899999999955, "right": -1.0}, "(0, 7)": {"up": 0.0, "down": 35.01648127031655, "left": 48.256179078330014, "right": -1.0}, "(0, 8)": {"up": 0.0, "down": -1.0, "left": 21.300099109363188, "right": 0.0}, "(1, 0)": {"up": 100.0, "down": 79.10000000000001, "left": 0.0, "right": 79.10000000000001}, "(1, 1)": {"up": 89.0, "down": 70.19000000000001, "left": 89.0, "right": 70.19000000000001}, "(1, 2)": {"up": 79.10000000000001, "down": 62.171000000000014, "left": 79.10000000000001, "right": 62.171000000000014}, "(1, 3)": {"up": 70.19000000000001, "down": 54.95390000000001, "left": 70.19000000000001, "right": 54.95390000000001}, "(1, 4)": {"up": 62.171000000000014, "down": 48.458510000000004, "left": 62.17100000000001, "right": 48.45850999999996}, "(1, 5)": {"up": 54.95390000000001, "down": 42.61265441226285, "left": 54.95389999431642, "right": 42.61265899999778}, "(1, 6)": {"up": 48.33650120504842, "down": 37.303760067512734, "left": 48.45851000000001, "right": 34.2150816233912}, "(1, 7)": {"up": 42.102490777405514, "down": 21.377239629698728, "left": 38.16139310049857, "right": -1.0}, "(1, 8)": {"up": -1.0, "down": -1.0, "left": 30.621384364061427, "right": 0.0}, "(2, 0)": {"up": 89.0, "down": 70.19000000000001, "left": 0.0, "right": 70.19000000000001}, "(2, 1)": {"up": 79.10000000000001, "down": 62.171000000000014, "left": 79.10000000000001, "right": 62.171000000000014}, "(2, 2)": {"up": 70.19000000000001, "down": 54.95390000000001, "left": 70.19000000000001, "right": 54.95390000000001}, "(2, 3)": {"up": 62.171000000000014, "down": 48.45851000000001, "left": 62.171000000000014, "right": 48.45851000000001}, "(2, 4)": {"up": 54.95390000000001, "down": 42.61265900000001, "left": 54.953900000000004, "right": 42.61265900000001}, "(2, 5)": {"up": 48.45851000000001, "down": 37.3513151648191, "left": 48.45850488579385, "right": 36.952190118466625}, "(2, 6)": {"up": 42.61265895548652, "down": 29.106651410375022, "left": 38.08278677787562, "right": -1.8999999999891088}, "(2, 7)": {"up": 20.933487466692153, "down": 28.021300358451946, "left": -2.7099999975746822, "right": 11.40442846700457}, "(2, 8)": {"up": -1.0, "down": 17.695881396704337, "left": -1.9, "right": 0.0}, "(3, 0)": {"up": 79.10000000000001, "down": 62.171000000000014, "left": 0.0, "right": 62.171000000000014}, "(3, 1)": {"up": 70.19000000000001, "down": 54.95390000000001, "left": 70.19000000000001, "right": 54.95390000000001}, "(3, 2)": {"up": 62.171000000000014, "down": 48.45851000000001, "left": 62.171000000000014, "right": 48.45851000000001}, "(3, 3)": {"up": 54.95390000000001, "down": 42.61265900000001, "left": 54.95390000000001, "right": 42.61265900000001}, "(3, 4)": {"up": 48.45851000000001, "down": 37.35139310000001, "left": 48.45851000000001, "right": 37.35139310000001}, "(3, 5)": {"up": 42.61265900000001, "down": 32.61625378999997, "left": 42.61265900000001, "right": 32.61625370193943}, "(3, 6)": {"up": 37.351276249580145, "down": 28.35462744664634, "left": 37.35139310000001, "right": 28.354511006636997}, "(3, 7)": {"up": 21.607253290346087, "down": 21.877249012907114, "left": 32.616250335256076, "right": 17.9604106880486}, "(3, 8)": {"up": -1.0, "down": 21.067249011396882, "left": 2.2998494987407, "right": 0.0}, "(4, 0)": {"up": 70.19000000000001, "down": 54.95390000000001, "left": 0.0, "right": 54.95390000000001}, "(4, 1)": {"up": 62.171000000000014, "down": 48.45851000000001, "left": 62.171000000000014, "right": 48.45851000000001}, "(4, 2)": {"up": 54.95390000000001, "down": 42.61265900000001, "left": 54.95390000000001, "right": 42.61265900000001}, "(4, 3)": {"up": 48.45851000000001, "down": 37.35139310000001, "left": 48.45851000000001, "right": 37.35139310000001}, "(4, 4)": {"up": 42.61265900000001, "down": 32.61625379000001, "left": 42.61265900000001, "right": 32.61625379000001}, "(4, 5)": {"up": 37.35139310000001, "down": 28.354628411000007, "left": 37.35139310000001, "right": 28.354628411000007}, "(4, 6)": {"up": 32.61625379000001, "down": 24.519165569900007, "left": 32.61625379000001, "right": 24.519165569900007}, "(4, 7)": {"up": 28.350825992871062, "down": 21.067248783237517, "left": 28.354628411000007, "right": 21.067249012593784}, "(4, 8)": {"up": 17.770918845990682, "down": 17.960284319451528, "left": 24.519165569900007, "right": 0.0}, "(5, 0)": {"up": 62.171000000000014, "down": 48.45851000000001, "left": 0.0, "right": 48.45851000000001}, "(5, 1)": {"up": 54.95390000000001, "down": 42.61265900000001, "left": 54.95390000000001, "right": 42.61265900000001}, "(5, 2)": {"up": 48.45851000000001, "down": 37.35139310000001, "left": 48.45851000000001, "right": 37.35139310000001}, "(5, 3)": {"up": 42.61265900000001, "down": 32.61625379000001, "left": 42.61265900000001, "right": 32.61625379000001}, "(5, 4)": {"up": 37.35139310000001, "down": 28.354628411000007, "left": 37.35139310000001, "right": 28.354628411000007}, "(5, 5)": {"up": 32.61625379000001, "down": 24.519165569900007, "left": 32.61625379000001, "right": 24.519165569900007}, "(5, 6)": {"up": 28.354628411000007, "down": 21.067249012910008, "left": 28.354628411000007, "right": 21.067249012910008}, "(5, 7)": {"up": 24.519165569900007, "down": 17.96052411161901, "left": 24.519165569900007, "right": 17.96052411161901}, "(5, 8)": {"up": 21.067242445198865, "down": 15.16447170045711, "left": 21.067249012910008, "right": 0.0}, "(6, 0)": {"up": 54.95390000000001, "down": 42.61265900000001, "left": 0.0, "right": 42.61265900000001}, "(6, 1)": {"up": 48.45851000000001, "down": 37.35139310000001, "left": 48.45851000000001, "right": 37.35139310000001}, "(6, 2)": {"up": 42.61265900000001, "down": 32.61625379000001, "left": 42.61265900000001, "right": 32.61625379000001}, "(6, 3)": {"up": 37.35139310000001, "down": 28.354628411000007, "left": 37.35139310000001, "right": 28.354628411000007}, "(6, 4)": {"up": 32.61625379000001, "down": 24.519165569900007, "left": 32.61625379000001, "right": 24.519165569900007}, "(6, 5)": {"up": 28.354628411000007, "down": 21.067249012910008, "left": 28.354628411000007, "right": 21.067249012910008}, "(6, 6)": {"up": 24.519165569900007, "down": 17.96052411161901, "left": 24.519165569900007, "right": 17.96052411161901}, "(6, 7)": {"up": 21.067249012910008, "down": 15.16447170045711, "left": 21.067249012910008, "right": 15.16447170045711}, "(6, 8)": {"up": 17.96052411161901, "down": 12.6480245304114, "left": 17.96052411161901, "right": 0.0}, "(7, 0)": {"up": 48.45851000000001, "down": 37.35139310000001, "left": 0.0, "right": 37.35139310000001}, "(7, 1)": {"up": 42.61265900000001, "down": 32.61625379000001, "left": 42.61265900000001, "right": 32.61625379000001}, "(7, 2)": {"up": 37.35139310000001, "down": 28.354628411000007, "left": 37.35139310000001, "right": 28.354628411000007}, "(7, 3)": {"up": 32.61625379000001, "down": 24.519165569900007, "left": 32.61625379000001, "right": 24.519165569900007}, "(7, 4)": {"up": 28.354628411000007, "down": 21.067249012910008, "left": 28.354628411000007, "right": 21.067249012910008}, "(7, 5)": {"up": 24.519165569900007, "down": 17.96052411161901, "left": 24.519165569900007, "right": 17.96052411161901}, "(7, 6)": {"up": 21.067249012910008, "down": 15.16447170045711, "left": 21.067249012910008, "right": 15.16447170045711}, "(7, 7)": {"up": 17.96052411161901, "down": 12.6480245304114, "left": 17.96052411161901, "right": 12.6480245304114},