{"(0, 0)": {"up": 0.0, "down": 0.0, "left": 0.0, "right": 0.0}, "(0, 1)": {"up": 0.0, "down": 79.10000000000001, "left": 100.0, "right": 79.10000000000001}, "(0, 2)": {"up": 0.0, "down": 70.19000000000001, "left": 89.0, "right": 70.19000000000001}, "(0, 3)": {"up": 0.0, "down": 62.171000000000014, "left": 79.10000000000001, "right": 62.171000000000014}, "(0, 4)": {"up": 0.0, "down": 54.95390000000001, "left": 70.19000000000001, "right": 0.0}, "(1, 0)": {"up": 100.0, "down": 79.10000000000001, "left": 0.0, "right": 79.10000000000001}, "(1, 1)": {"up": 89.0, "down": 70.19000000000001, "left": 89.0, "right": 70.19000000000001}, "(1, 2)": {"up": 79.10000000000001, "down": 62.171000000000014, "left": 79.10000000000001, "right": 62.171000000000014}, "(1, 3)": {"up": 70.19000000000001, "down": 54.95390000000001, "left": 70.19000000000001, "right": 54.95390000000001}, "(1, 4)": {"up": 62.171000000000014, "down": 48.45851000000001, "left": 62.171000000000014, "right": 0.0}, "(2, 0)": {"up": 89.0, "down": 70.19000000000001, "left": 0.0, "right": 70.19000000000001}, "(2, 1)": {"up": 79.10000000000001, "down": 62.171000000000014, "left": 79.10000000000001, "right": 62.171000000000014}, "(2, 2)": {"up": 70.19000000000001, "down": 54.95390000000001, "left": 70.19000000000001, "right": 54.95390000000001}, "(2, 3)": {"up": 62.171000000000014, "down": 48.45851000000001, "left": 62.171000000000014, "right": 48.45851000000001}, "(2, 4)": {"up": 54.95390000000001, "down": 42.61265900000001, "left": 54.95390000000001, "right": 0.0}, "(3, 0)": {"up": 79.10000000000001, "down": 62.171000000000014, "left": 0.0, "right": 62.171000000000014}, "(3, 1)": {"up": 70.19000000000001, "down": 54.95390000000001, "left": 70.19000000000001, "right": 54.95390000000001}, "(3, 2)": {"up": 62.171000000000014, "down": 48.45851000000001, "left": 62.171000000000014, "right": 48.45851000000001}, "(3, 3)": {"up": 54.95390000000001, "down": 42.61265900000001, "left": 54.95390000000001, "right": 42.61265900000001}, "(3, 4)": {"up": 48.45851000000001, "down": 37.35139310000001, "left": 48.45851000000001, "right": 0.0}, "(4, 0)": {"up": 70.19000000000001, "down": 0.0, "left": 0.0, "right": 54.95390000000001}, "(4, 1)": {"up": 62.171000000000014, "down": 0.0, "left": 62.171000000000014, "right": 48.45851000000001}, "(4, 2)": {"up": 54.95390000000001, "down": 0.0, "left": 54.95390000000001, "right": 42.61265900000001}, "(4, 3)": {"up": 48.45851000000001, "down": 0.0, "left": 48.45851000000001, "right": 37.35139310000001}, "(4, 4)": {"up": 42.61265900000001, "down": 0.0, "left": 42.61265900000001, "right": 0.0}}