{"(0, 0)": {"up": 0.0, "down": 47.829690000000014, "left": 0.0, "right": 47.829690000000014}, "(0, 1)": {"up": 0.0, "down": -46.855899999999984, "left": 43.04672100000001, "right": 53.144100000000016}, "(0, 2)": {"up": 0.0, "down": 59.049000000000014, "left": 47.829690000000014, "right": 59.049000000000014}, "(0, 3)": {"up": 0.0, "down": 0.0, "left": 53.144100000000016, "right": 65.61000000000001}, "(0, 4)": {"up": 0.0, "down": 72.9, "left": 59.049000000000014, "right": 0.0}, "(1, 0)": {"up": 43.04672100000001, "down": 53.144100000000016, "left": 0.0, "right": -46.855899999999984}, "(1, 1)": {"up": 47.829690000000014, "down": -40.950999999999986, "left": 47.829690000000014, "right": 59.049000000000014}, "(1, 2)": {"up": 53.144100000000016, "down": 65.61000000000001, "left": -46.855899999999984, "right": 0.0}, "(1, 3)": {"up": 0.0, "down": 0.0, "left": 0.0, "right": 0.0}, "(1, 4)": {"up": 65.61000000000001, "down": 81.0, "left": 0.0, "right": 0.0}, "(2, 0)": {"up": 47.829690000000014, "down": 59.049000000000014, "left": 0.0, "right": -40.950999999999986}, "(2, 1)": {"up": -46.855899999999984, "down": 65.61000000000001, "left": 53.144100000000016, "right": 65.61000000000001}, "(2, 2)": {"up": 59.049000000000014, "down": 72.9, "left": -40.950999999999986, "right": 72.9}, "(2, 3)": {"up": 0.0, "down": 81.0, "left": 65.61000000000001, "right": 81.0}, "(2, 4)": {"up": 72.9, "down": 90.0, "left": 72.9, "right": 0.0}, "(3, 0)": {"up": 53.144100000000016, "down": 65.61000000000001, "left": 0.0, "right": 65.61000000000001}, "(3, 1)": {"up": -40.950999999999986, "down": 72.9, "left": 59.049000000000014, "right": 72.9}, "(3, 2)": {"up": 65.61000000000001, "down": 81.0, "left": 65.61000000000001, "right": 81.0}, "(3, 3)": {"up": 72.9, "down": 90.0, "left": 72.9, "right": 90.0}, "(3, 4)": {"up": 81.0, "down": 100.0, "left": 81.0, "right": 0.0}, "(4, 0)": {"up": 59.049000000000014, "down": 0.0, "left": 0.0, "right": 72.9}, "(4, 1)": {"up": 65.61000000000001, "down": 0.0, "left": 65.61000000000001, "right": 81.0}, "(4, 2)": {"up": 72.9, "down": 0.0, "left": 72.9, "right": 90.0}, "(4, 3)": {"up": 81.0, "down": 0.0, "left": 81.0, "right": 100.0}, "(4, 4)": {"up": 0.0, "down": 0.0, "left": 0.0, "right": 0.0}}